<?xml version="1.0" encoding="ascii"?>
<history><client name="pkg" version="1.122.2-56.2852"><args><arg><![CDATA[/export/home/java_re/BUILD_AREA/workspace/gf-4.0-branch-build-weekly/pkg-toolkit-sunos-sparc/pkg/bin/client.py]]></arg><arg><![CDATA[install]]></arg><arg><![CDATA[javadb-client]]></arg></args></client><operation end_time="20130515T044211Z" name="install" result="Succeeded" start_time="20130515T044210Z" userid="143" username="java_re"><start_state><![CDATA[UNEVALUATED:
+pkg:/javadb-client@10.9.1.0,5.10:20130319T161220Z
]]></start_state><end_state><![CDATA[None -> pkg:/javadb-client@10.9.1.0,5.10:20130319T161220Z
]]></end_state></operation></history>