<?xml version="1.0" encoding="ascii"?>
<history><client name="pkg" version="1.122.2-56.2852"><args><arg><![CDATA[/export/home/java_re/BUILD_AREA/workspace/gf-4.0-branch-build-weekly/pkg-toolkit-sunos-sparc/pkg/bin/client.py]]></arg><arg><![CDATA[install]]></arg><arg><![CDATA[mq-core]]></arg></args></client><operation end_time="20130515T050916Z" name="install" result="Succeeded" start_time="20130515T050915Z" userid="143" username="java_re"><start_state><![CDATA[UNEVALUATED:
+pkg:/mq-core@5.0,0-14.5:20130412T091332Z
]]></start_state><end_state><![CDATA[None -> pkg:/mq-core@5.0,0-14.5:20130412T091332Z
]]></end_state></operation></history>